profile_name,weight_kg_per_m,length_m,price_per_piece,annual_volume,material,alloy,tolerance,surface_treatment,lme_price_eur_per_kg,date
Mellanprofil,0.862,26.2,3.84,98000,Rå,EN-AW-6082-T6,EN 755-9,Powder Coated,3.14,2025-03-16
Ytterbåge,0.865,26.2,3.61,50000,Rå,EN-AW-6061-T6,EN 755-9,Powder Coated,3.34,2025-01-28
Ytterbåge,2.987,12.0,3.29,75000,Rå,EN-AW-6061-T6,EN 12020-2,None,2.87,2025-02-14
Ytterbåge,1.777,26.2,3.23,98000,Rå,EN-AW-6061-T6,EN 755-9,Anodized,2.99,2025-01-09
Mellanprofil,1.113,26.2,3.79,50000,Rå,EN-AW-6082-T6,ISO 2768-mK,None,2.82,2025-05-06
Stomme,1.229,12.0,3.56,98000,Rå,EN-AW-6061-T6,ISO 2768-mK,Anodized,2.86,2025-05-27
Tätning,1.159,6.0,3.1,50000,Rå,EN-AW-6063-T5,ISO 2768-mK,Anodized,3.19,2025-04-05
Innerbåge,1.92,24.2,2.54,50000,Rå,EN-AW-6063-T5,EN 12020-2,Anodized,3.38,2025-04-19
Mellanprofil,1.774,6.0,2.69,75000,Rå,EN-AW-6063-T5,EN 12020-2,Powder Coated,3.35,2025-01-30
Mellanprofil,2.673,26.2,2.79,75000,Rå,EN-AW-6063-T5,EN 12020-2,None,3.16,2025-01-30
Tätning,1.063,24.2,2.55,75000,Rå,EN-AW-6082-T6,EN 755-9,Powder Coated,3.02,2025-02-11
Innerbåge,2.565,24.2,2.89,50000,Rå,EN-AW-6082-T6,EN 755-9,Anodized,2.88,2025-06-26
Innerbåge,1.761,6.0,3.51,50000,Rå,EN-AW-6061-T6,ISO 2768-mK,Powder Coated,3.37,2025-03-12
Tätning,1.928,6.0,2.69,98000,Rå,EN-AW-6063-T5,EN 12020-2,None,3.19,2025-05-22
Ytterbåge,1.86,24.2,2.82,75000,Rå,EN-AW-6061-T6,EN 12020-2,Powder Coated,3.34,2025-03-17
Mellanprofil,1.104,12.0,2.6,120000,Rå,EN-AW-6063-T5,ISO 2768-mK,Anodized,3.33,2025-05-31
Ytterbåge,0.76,24.2,2.59,98000,Rå,EN-AW-6082-T6,EN 12020-2,Anodized,2.82,2025-05-27
Ytterbåge,2.644,6.0,3.31,75000,Rå,EN-AW-6061-T6,EN 12020-2,Anodized,2.89,2025-01-08
Mellanprofil,1.559,26.2,3.13,120000,Rå,EN-AW-6061-T6,EN 755-9,None,3.28,2025-02-23
Tätning,1.775,12.0,2.58,75000,Rå,EN-AW-6063-T5,ISO 2768-mK,Anodized,2.94,2025-02-02
Tätning,1.662,6.0,3.4,120000,Rå,EN-AW-6063-T5,ISO 2768-mK,None,3.48,2025-04-23
Tätning,2.408,26.2,2.5,98000,Rå,EN-AW-6082-T6,EN 755-9,Anodized,3.06,2025-04-22
Mellanprofil,2.651,26.2,2.58,98000,Rå,EN-AW-6063-T5,ISO 2768-mK,None,2.96,2025-06-01
Stomme,1.277,12.0,3.78,98000,Rå,EN-AW-6061-T6,EN 755-9,Powder Coated,3.32,2025-01-14
Innerbåge,2.585,26.2,3.23,50000,Rå,EN-AW-6082-T6,EN 755-9,None,2.93,2025-02-27
Mellanprofil,0.773,6.0,2.77,75000,Rå,EN-AW-6082-T6,EN 12020-2,Anodized,3.46,2025-04-24
Mellanprofil,2.172,12.0,3.13,50000,Rå,EN-AW-6063-T5,EN 12020-2,Anodized,2.96,2025-02-01
Ytterbåge,2.816,12.0,3.73,50000,Rå,EN-AW-6063-T5,ISO 2768-mK,Anodized,2.93,2025-03-23
Mellanprofil,1.191,6.0,3.03,50000,Rå,EN-AW-6063-T5,ISO 2768-mK,Powder Coated,3.49,2025-02-25
Innerbåge,2.402,12.0,3.22,98000,Rå,EN-AW-6082-T6,EN 755-9,Anodized,3.42,2025-04-14
Ytterbåge,1.923,24.2,3.31,75000,Rå,EN-AW-6063-T5,EN 755-9,None,2.9,2025-04-14
Mellanprofil,2.565,24.2,2.97,75000,Rå,EN-AW-6063-T5,EN 755-9,None,3.12,2025-06-06
Innerbåge,0.633,24.2,3.42,98000,Rå,EN-AW-6061-T6,EN 755-9,Powder Coated,3.33,2025-04-09
Mellanprofil,1.45,12.0,2.85,98000,Rå,EN-AW-6063-T5,EN 12020-2,Powder Coated,3.38,2025-03-11
Innerbåge,1.042,26.2,3.05,98000,Rå,EN-AW-6063-T5,EN 755-9,None,3.03,2025-01-25
Ytterbåge,2.353,6.0,2.57,98000,Rå,EN-AW-6082-T6,EN 12020-2,Anodized,3.45,2025-01-24
Innerbåge,1.872,26.2,3.89,50000,Rå,EN-AW-6061-T6,ISO 2768-mK,Powder Coated,2.8,2025-01-01
Tätning,0.85,6.0,3.83,98000,Rå,EN-AW-6063-T5,EN 755-9,Anodized,2.88,2025-03-22
Mellanprofil,2.173,26.2,3.97,98000,Rå,EN-AW-6063-T5,ISO 2768-mK,None,3.3,2025-01-31
Mellanprofil,2.211,12.0,3.71,98000,Rå,EN-AW-6063-T5,EN 12020-2,None,3.07,2025-05-06
Ytterbåge,2.833,24.2,3.02,120000,Rå,EN-AW-6063-T5,EN 755-9,Powder Coated,3.27,2025-02-17
Tätning,1.006,24.2,2.9,50000,Rå,EN-AW-6061-T6,ISO 2768-mK,Powder Coated,3.46,2025-05-13
Ytterbåge,2.22,24.2,2.5,50000,Rå,EN-AW-6063-T5,EN 755-9,None,3.3,2025-02-17
Innerbåge,1.403,12.0,3.59,120000,Rå,EN-AW-6063-T5,ISO 2768-mK,Anodized,2.99,2025-02-19
Tätning,2.507,6.0,3.61,50000,Rå,EN-AW-6082-T6,EN 755-9,Powder Coated,2.91,2025-02-27
Ytterbåge,0.663,12.0,2.99,75000,Rå,EN-AW-6061-T6,EN 12020-2,None,3.17,2025-04-04
Innerbåge,0.985,26.2,3.43,98000,Rå,EN-AW-6082-T6,ISO 2768-mK,Powder Coated,3.12,2025-01-25
Ytterbåge,2.332,24.2,3.99,98000,Rå,EN-AW-6063-T5,EN 12020-2,None,2.83,2025-02-08
Stomme,1.546,12.0,3.41,120000,Rå,EN-AW-6082-T6,EN 12020-2,Anodized,3.06,2025-02-21
Tätning,2.347,12.0,3.83,50000,Rå,EN-AW-6061-T6,EN 12020-2,Anodized,2.87,2025-02-23
Tätning,1.665,6.0,3.76,120000,Rå,EN-AW-6061-T6,ISO 2768-mK,Powder Coated,3.31,2025-02-23
Tätning,2.208,12.0,2.59,120000,Rå,EN-AW-6063-T5,EN 12020-2,None,3.08,2025-03-23
Innerbåge,0.803,24.2,3.24,50000,Rå,EN-AW-6061-T6,EN 755-9,Powder Coated,3.31,2025-06-06
Stomme,1.867,24.2,2.97,120000,Rå,EN-AW-6082-T6,EN 12020-2,None,3.31,2025-06-02
Ytterbåge,0.976,12.0,3.38,50000,Rå,EN-AW-6061-T6,EN 755-9,Anodized,3.11,2025-06-07
Tätning,2.159,6.0,3.13,98000,Rå,EN-AW-6061-T6,EN 12020-2,Anodized,3.17,2025-06-24
Stomme,1.318,6.0,3.05,98000,Rå,EN-AW-6082-T6,EN 12020-2,Anodized,2.95,2025-03-23
Tätning,1.819,6.0,2.81,120000,Rå,EN-AW-6061-T6,ISO 2768-mK,None,3.08,2025-01-04
Tätning,2.394,24.2,2.82,75000,Rå,EN-AW-6063-T5,EN 755-9,None,3.25,2025-04-08
Mellanprofil,1.019,26.2,3.16,75000,Rå,EN-AW-6061-T6,EN 12020-2,Anodized,3.25,2025-01-04
Ytterbåge,2.048,26.2,2.91,50000,Rå,EN-AW-6082-T6,ISO 2768-mK,None,3.09,2025-05-15
Stomme,1.663,26.2,3.88,120000,Rå,EN-AW-6061-T6,EN 755-9,None,3.4,2025-01-01
Ytterbåge,2.513,24.2,3.1,50000,Rå,EN-AW-6063-T5,EN 755-9,Anodized,3.43,2025-06-14
Ytterbåge,1.159,12.0,3.07,75000,Rå,EN-AW-6061-T6,EN 755-9,Anodized,3.49,2025-05-20
Stomme,1.543,26.2,3.44,98000,Rå,EN-AW-6061-T6,EN 12020-2,Powder Coated,2.95,2025-02-07
Stomme,2.176,12.0,2.56,120000,Rå,EN-AW-6082-T6,EN 755-9,None,2.83,2025-05-21
Mellanprofil,1.227,26.2,3.89,120000,Rå,EN-AW-6061-T6,EN 755-9,None,3.03,2025-01-29
Ytterbåge,1.628,24.2,2.72,50000,Rå,EN-AW-6063-T5,EN 12020-2,None,3.29,2025-06-19
Tätning,0.732,26.2,3.73,120000,Rå,EN-AW-6082-T6,EN 12020-2,None,2.97,2025-04-18
Stomme,2.268,26.2,3.22,120000,Rå,EN-AW-6082-T6,EN 12020-2,None,3.3,2025-01-08
Stomme,2.236,26.2,3.81,50000,Rå,EN-AW-6063-T5,EN 755-9,Anodized,2.96,2025-01-24
Stomme,1.267,26.2,2.92,75000,Rå,EN-AW-6061-T6,ISO 2768-mK,Anodized,3.47,2025-03-11
Stomme,1.85,24.2,3.23,120000,Rå,EN-AW-6061-T6,ISO 2768-mK,Anodized,3.43,2025-05-20
Mellanprofil,2.584,12.0,2.88,120000,Rå,EN-AW-6063-T5,EN 755-9,Powder Coated,2.89,2025-02-10
Mellanprofil,1.302,6.0,3.4,120000,Rå,EN-AW-6061-T6,ISO 2768-mK,Powder Coated,3.03,2025-03-12
Stomme,2.631,26.2,2.8,98000,Rå,EN-AW-6061-T6,EN 12020-2,None,2.93,2025-06-07
Ytterbåge,2.361,6.0,3.47,50000,Rå,EN-AW-6061-T6,EN 755-9,Anodized,2.82,2025-01-10
Stomme,2.429,12.0,2.88,75000,Rå,EN-AW-6063-T5,ISO 2768-mK,None,2.99,2025-05-19
Mellanprofil,2.912,6.0,2.84,50000,Rå,EN-AW-6061-T6,ISO 2768-mK,Anodized,3.45,2025-01-26
Innerbåge,1.191,6.0,3.17,75000,Rå,EN-AW-6061-T6,ISO 2768-mK,Anodized,2.91,2025-03-14
Innerbåge,1.109,6.0,3.38,50000,Rå,EN-AW-6063-T5,EN 755-9,Powder Coated,3.31,2025-03-28
Ytterbåge,2.365,6.0,3.12,120000,Rå,EN-AW-6082-T6,EN 755-9,None,3.45,2025-02-23
Stomme,2.958,24.2,2.7,50000,Rå,EN-AW-6061-T6,ISO 2768-mK,Anodized,3.14,2025-06-10
Mellanprofil,0.634,6.0,2.94,75000,Rå,EN-AW-6082-T6,ISO 2768-mK,None,3.1,2025-01-05
Innerbåge,1.406,26.2,2.95,120000,Rå,EN-AW-6063-T5,EN 12020-2,Powder Coated,3.48,2025-03-19
Stomme,1.386,26.2,2.84,120000,Rå,EN-AW-6082-T6,EN 12020-2,Anodized,2.81,2025-03-29
Innerbåge,1.312,24.2,2.91,75000,Rå,EN-AW-6061-T6,ISO 2768-mK,None,3.03,2025-06-19
Tätning,2.135,12.0,3.84,50000,Rå,EN-AW-6061-T6,ISO 2768-mK,Anodized,3.2,2025-02-16
Mellanprofil,2.853,26.2,3.21,50000,Rå,EN-AW-6063-T5,ISO 2768-mK,None,2.95,2025-03-06
Mellanprofil,0.909,12.0,2.93,50000,Rå,EN-AW-6082-T6,EN 755-9,Powder Coated,2.81,2025-02-26
Tätning,2.277,24.2,3.63,50000,Rå,EN-AW-6082-T6,EN 12020-2,None,3.23,2025-06-24
Innerbåge,1.084,24.2,3.5,98000,Rå,EN-AW-6063-T5,EN 755-9,Anodized,3.42,2025-06-10
Mellanprofil,2.416,24.2,2.51,75000,Rå,EN-AW-6061-T6,EN 755-9,Anodized,3.38,2025-03-12
Stomme,1.159,6.0,4.0,50000,Rå,EN-AW-6061-T6,ISO 2768-mK,Powder Coated,2.93,2025-05-31
Ytterbåge,1.154,24.2,2.77,120000,Rå,EN-AW-6063-T5,EN 12020-2,Powder Coated,3.03,2025-01-17
Stomme,2.739,6.0,2.76,98000,Rå,EN-AW-6063-T5,EN 755-9,Powder Coated,3.48,2025-05-08
Innerbåge,1.096,24.2,3.6,75000,Rå,EN-AW-6063-T5,EN 755-9,Anodized,2.96,2025-05-02
Innerbåge,2.406,26.2,3.51,50000,Rå,EN-AW-6063-T5,ISO 2768-mK,Anodized,3.23,2025-03-23
Mellanprofil,2.422,26.2,3.25,75000,Rå,EN-AW-6061-T6,EN 755-9,None,3.4,2025-03-20
Ytterbåge,0.505,6.0,3.81,75000,Rå,EN-AW-6061-T6,EN 755-9,None,3.47,2025-01-18
Tätning,2.389,24.2,3.48,98000,Rå,EN-AW-6082-T6,EN 12020-2,None,3.37,2025-04-29
Stomme,2.402,26.2,3.56,75000,Rå,EN-AW-6082-T6,EN 755-9,Powder Coated,3.09,2025-01-03
Ytterbåge,2.633,26.2,3.52,120000,Rå,EN-AW-6061-T6,ISO 2768-mK,None,3.27,2025-01-13
Stomme,2.02,6.0,2.82,120000,Rå,EN-AW-6082-T6,EN 12020-2,Powder Coated,2.94,2025-02-06
Mellanprofil,2.004,6.0,3.61,98000,Rå,EN-AW-6061-T6,EN 12020-2,None,3.37,2025-01-05
Stomme,2.625,6.0,2.93,75000,Rå,EN-AW-6063-T5,EN 12020-2,Powder Coated,3.28,2025-01-17
Innerbåge,2.473,12.0,3.03,50000,Rå,EN-AW-6061-T6,EN 755-9,None,3.35,2025-02-17
Innerbåge,0.788,26.2,3.64,120000,Rå,EN-AW-6061-T6,ISO 2768-mK,None,3.36,2025-04-30
Innerbåge,2.374,24.2,2.54,50000,Rå,EN-AW-6061-T6,ISO 2768-mK,None,3.24,2025-04-13
Mellanprofil,1.291,6.0,3.63,120000,Rå,EN-AW-6063-T5,ISO 2768-mK,Anodized,3.04,2025-04-12
Stomme,2.943,12.0,2.8,75000,Rå,EN-AW-6061-T6,EN 755-9,Anodized,2.93,2025-01-17
Innerbåge,1.148,26.2,3.59,50000,Rå,EN-AW-6082-T6,EN 12020-2,Anodized,2.84,2025-06-13
Tätning,2.109,6.0,2.85,120000,Rå,EN-AW-6063-T5,EN 755-9,Anodized,3.45,2025-01-09
Innerbåge,0.582,6.0,3.28,98000,Rå,EN-AW-6063-T5,ISO 2768-mK,None,3.18,2025-06-03
Tätning,1.742,26.2,3.09,98000,Rå,EN-AW-6061-T6,EN 755-9,None,3.32,2025-04-23
Ytterbåge,1.504,26.2,3.85,98000,Rå,EN-AW-6063-T5,EN 755-9,Powder Coated,2.94,2025-01-14
Stomme,1.754,12.0,2.82,50000,Rå,EN-AW-6063-T5,ISO 2768-mK,Anodized,2.95,2025-02-07
Tätning,1.356,26.2,3.99,120000,Rå,EN-AW-6082-T6,EN 12020-2,Anodized,3.37,2025-03-29
Mellanprofil,0.855,6.0,3.35,98000,Rå,EN-AW-6082-T6,EN 12020-2,Powder Coated,3.33,2025-04-23
Ytterbåge,2.516,24.2,3.8,50000,Rå,EN-AW-6082-T6,EN 755-9,Anodized,2.91,2025-03-16
Innerbåge,1.795,26.2,3.65,50000,Rå,EN-AW-6061-T6,EN 12020-2,Anodized,3.13,2025-04-20
Tätning,2.078,12.0,3.58,75000,Rå,EN-AW-6082-T6,EN 755-9,None,3.39,2025-03-12
Innerbåge,0.932,24.2,3.43,75000,Rå,EN-AW-6061-T6,EN 12020-2,None,2.85,2025-05-27
Innerbåge,0.941,24.2,3.85,120000,Rå,EN-AW-6082-T6,EN 755-9,Powder Coated,3.39,2025-03-27
Stomme,0.864,12.0,3.25,98000,Rå,EN-AW-6063-T5,ISO 2768-mK,Anodized,2.88,2025-05-17
Ytterbåge,2.175,6.0,3.52,50000,Rå,EN-AW-6063-T5,EN 755-9,Powder Coated,3.07,2025-03-06
Stomme,1.58,12.0,3.99,50000,Rå,EN-AW-6061-T6,EN 755-9,Anodized,2.8,2025-04-29
Stomme,2.388,24.2,3.88,98000,Rå,EN-AW-6063-T5,EN 755-9,None,3.46,2025-02-13
Tätning,1.72,12.0,3.41,75000,Rå,EN-AW-6063-T5,EN 12020-2,Anodized,3.08,2025-05-22
Ytterbåge,0.97,6.0,2.7,98000,Rå,EN-AW-6082-T6,EN 755-9,Powder Coated,2.89,2025-02-10
Ytterbåge,2.538,26.2,3.06,75000,Rå,EN-AW-6082-T6,ISO 2768-mK,Anodized,3.07,2025-01-20
Mellanprofil,2.82,12.0,3.76,120000,Rå,EN-AW-6061-T6,ISO 2768-mK,Anodized,3.4,2025-02-11
Tätning,1.308,12.0,3.46,120000,Rå,EN-AW-6082-T6,EN 12020-2,Powder Coated,3.4,2025-05-22
Innerbåge,1.598,26.2,3.52,50000,Rå,EN-AW-6063-T5,EN 755-9,Anodized,3.15,2025-03-15
Stomme,0.625,12.0,2.83,75000,Rå,EN-AW-6082-T6,ISO 2768-mK,Powder Coated,3.48,2025-03-08
Innerbåge,1.004,6.0,3.89,50000,Rå,EN-AW-6061-T6,EN 755-9,Anodized,3.17,2025-04-25
Ytterbåge,2.792,6.0,3.44,50000,Rå,EN-AW-6063-T5,EN 755-9,None,2.91,2025-04-03
Ytterbåge,2.582,26.2,3.79,75000,Rå,EN-AW-6082-T6,EN 12020-2,Powder Coated,3.21,2025-01-11
Tätning,2.281,6.0,3.8,98000,Rå,EN-AW-6082-T6,EN 12020-2,None,2.94,2025-01-17
Tätning,0.729,6.0,3.11,120000,Rå,EN-AW-6082-T6,EN 755-9,Anodized,3.48,2025-01-19
Stomme,1.258,6.0,2.56,75000,Rå,EN-AW-6061-T6,EN 755-9,None,3.06,2025-02-20
Mellanprofil,2.809,6.0,2.76,50000,Rå,EN-AW-6061-T6,ISO 2768-mK,Anodized,3.16,2025-02-12
Ytterbåge,2.882,24.2,2.6,98000,Rå,EN-AW-6082-T6,ISO 2768-mK,Powder Coated,3.15,2025-04-02
Tätning,1.312,12.0,2.8,50000,Rå,EN-AW-6063-T5,ISO 2768-mK,Powder Coated,3.21,2025-01-25
Innerbåge,1.68,6.0,3.34,50000,Rå,EN-AW-6082-T6,EN 12020-2,Powder Coated,3.29,2025-06-06
Stomme,1.181,6.0,3.55,120000,Rå,EN-AW-6061-T6,ISO 2768-mK,Powder Coated,2.92,2025-05-12
Innerbåge,2.905,26.2,3.33,50000,Rå,EN-AW-6082-T6,ISO 2768-mK,None,3.1,2025-03-23
Ytterbåge,1.331,12.0,3.77,50000,Rå,EN-AW-6063-T5,ISO 2768-mK,Powder Coated,3.38,2025-02-25
Mellanprofil,0.519,12.0,3.07,50000,Rå,EN-AW-6061-T6,ISO 2768-mK,Powder Coated,2.99,2025-04-08
Ytterbåge,1.153,6.0,3.2,75000,Rå,EN-AW-6061-T6,ISO 2768-mK,Powder Coated,3.44,2025-04-29
Ytterbåge,2.616,12.0,2.54,50000,Rå,EN-AW-6082-T6,EN 755-9,Anodized,3.11,2025-04-01
Ytterbåge,2.283,6.0,3.51,50000,Rå,EN-AW-6063-T5,EN 12020-2,Powder Coated,3.0,2025-03-21
Tätning,1.052,6.0,3.01,50000,Rå,EN-AW-6063-T5,ISO 2768-mK,Anodized,2.94,2025-03-30
Innerbåge,1.508,26.2,3.71,98000,Rå,EN-AW-6063-T5,EN 755-9,None,2.87,2025-05-18
Innerbåge,1.07,26.2,3.83,120000,Rå,EN-AW-6082-T6,EN 12020-2,Powder Coated,2.85,2025-01-21
Stomme,2.425,26.2,3.97,50000,Rå,EN-AW-6061-T6,EN 12020-2,Powder Coated,2.85,2025-02-19
Innerbåge,1.145,26.2,3.71,50000,Rå,EN-AW-6061-T6,EN 755-9,None,3.34,2025-04-17
Mellanprofil,1.35,26.2,2.54,98000,Rå,EN-AW-6063-T5,EN 12020-2,None,3.48,2025-01-23
Innerbåge,2.387,26.2,2.57,50000,Rå,EN-AW-6061-T6,EN 755-9,None,2.81,2025-06-03
Ytterbåge,0.952,24.2,2.81,75000,Rå,EN-AW-6061-T6,EN 755-9,Anodized,2.82,2025-01-30
Stomme,1.007,26.2,3.13,50000,Rå,EN-AW-6061-T6,EN 12020-2,Powder Coated,3.27,2025-02-22
Tätning,2.785,12.0,3.0,120000,Rå,EN-AW-6061-T6,EN 755-9,Powder Coated,2.82,2025-06-22
Ytterbåge,2.575,26.2,3.8,75000,Rå,EN-AW-6082-T6,ISO 2768-mK,Anodized,3.49,2025-05-22
Tätning,2.393,6.0,3.16,50000,Rå,EN-AW-6063-T5,EN 12020-2,Powder Coated,3.11,2025-02-19
Tätning,1.695,26.2,3.4,75000,Rå,EN-AW-6082-T6,ISO 2768-mK,None,3.12,2025-02-16
Stomme,1.309,12.0,2.62,75000,Rå,EN-AW-6082-T6,ISO 2768-mK,None,2.96,2025-01-25
Tätning,2.795,24.2,2.74,50000,Rå,EN-AW-6061-T6,EN 12020-2,Anodized,3.08,2025-05-24
Stomme,2.834,24.2,2.75,50000,Rå,EN-AW-6061-T6,EN 12020-2,Powder Coated,3.46,2025-06-14
Ytterbåge,0.89,26.2,3.14,120000,Rå,EN-AW-6061-T6,ISO 2768-mK,Anodized,3.19,2025-01-21
Tätning,2.314,24.2,2.96,75000,Rå,EN-AW-6063-T5,ISO 2768-mK,None,2.95,2025-03-21
Ytterbåge,1.676,26.2,3.57,50000,Rå,EN-AW-6061-T6,EN 12020-2,Anodized,3.41,2025-06-05
Ytterbåge,2.271,26.2,2.51,120000,Rå,EN-AW-6061-T6,EN 12020-2,Anodized,3.15,2025-04-20
Mellanprofil,0.676,6.0,3.42,75000,Rå,EN-AW-6082-T6,EN 12020-2,Powder Coated,3.12,2025-06-09
Mellanprofil,1.842,26.2,2.85,98000,Rå,EN-AW-6082-T6,EN 12020-2,Powder Coated,3.05,2025-03-19
Ytterbåge,2.84,26.2,2.76,98000,Rå,EN-AW-6063-T5,EN 755-9,None,2.99,2025-03-16
Stomme,2.015,6.0,3.14,120000,Rå,EN-AW-6082-T6,EN 12020-2,Powder Coated,3.24,2025-06-06
Tätning,2.024,24.2,2.53,50000,Rå,EN-AW-6063-T5,EN 755-9,Anodized,2.98,2025-02-28
Mellanprofil,1.174,12.0,3.47,75000,Rå,EN-AW-6082-T6,EN 755-9,Anodized,3.17,2025-05-28
Stomme,2.346,6.0,3.93,50000,Rå,EN-AW-6082-T6,EN 755-9,Powder Coated,3.35,2025-02-23
Tätning,0.919,26.2,3.75,50000,Rå,EN-AW-6061-T6,ISO 2768-mK,Powder Coated,2.84,2025-06-19
Ytterbåge,1.216,6.0,3.57,50000,Rå,EN-AW-6063-T5,EN 12020-2,Powder Coated,2.9,2025-06-27
Innerbåge,2.435,6.0,3.31,98000,Rå,EN-AW-6061-T6,EN 755-9,Anodized,3.27,2025-03-24
Innerbåge,2.398,24.2,3.54,120000,Rå,EN-AW-6063-T5,EN 755-9,Anodized,3.08,2025-06-24
Innerbåge,1.822,12.0,3.35,120000,Rå,EN-AW-6082-T6,EN 755-9,None,2.94,2025-01-23
Innerbåge,0.898,26.2,3.3,98000,Rå,EN-AW-6061-T6,EN 12020-2,None,3.35,2025-04-14
Tätning,2.287,12.0,2.79,120000,Rå,EN-AW-6061-T6,EN 755-9,Anodized,2.85,2025-02-05
Tätning,1.058,6.0,3.6,75000,Rå,EN-AW-6063-T5,ISO 2768-mK,None,3.17,2025-04-12
Tätning,1.354,24.2,2.68,50000,Rå,EN-AW-6082-T6,EN 755-9,None,3.03,2025-05-07
Ytterbåge,1.646,26.2,3.76,50000,Rå,EN-AW-6082-T6,EN 12020-2,Anodized,3.07,2025-05-14
Mellanprofil,0.524,24.2,3.79,98000,Rå,EN-AW-6061-T6,ISO 2768-mK,None,3.47,2025-01-12
Tätning,1.719,26.2,3.85,120000,Rå,EN-AW-6061-T6,EN 12020-2,Powder Coated,2.85,2025-03-12
Tätning,2.184,6.0,3.35,120000,Rå,EN-AW-6082-T6,ISO 2768-mK,None,3.12,2025-04-11
Mellanprofil,1.011,24.2,3.86,50000,Rå,EN-AW-6063-T5,EN 755-9,None,2.97,2025-06-10
Stomme,2.636,26.2,2.81,50000,Rå,EN-AW-6061-T6,EN 755-9,Powder Coated,3.11,2025-01-19
Tätning,0.569,12.0,3.39,75000,Rå,EN-AW-6061-T6,EN 12020-2,None,3.43,2025-05-04
Mellanprofil,1.74,6.0,3.33,50000,Rå,EN-AW-6063-T5,EN 12020-2,Powder Coated,3.36,2025-06-09
Mellanprofil,2.835,24.2,3.37,75000,Rå,EN-AW-6082-T6,EN 12020-2,Anodized,3.02,2025-01-02
Tätning,1.869,12.0,2.71,98000,Rå,EN-AW-6063-T5,ISO 2768-mK,None,3.39,2025-04-10
Innerbåge,1.519,24.2,3.2,75000,Rå,EN-AW-6063-T5,ISO 2768-mK,Powder Coated,3.14,2025-03-07
Ytterbåge,0.762,12.0,3.79,75000,Rå,EN-AW-6063-T5,EN 755-9,Powder Coated,3.11,2025-02-25
Stomme,2.369,24.2,2.81,98000,Rå,EN-AW-6063-T5,EN 755-9,Anodized,3.21,2025-05-18
Tätning,2.204,6.0,3.04,75000,Rå,EN-AW-6063-T5,EN 12020-2,Anodized,3.12,2025-04-01
Stomme,2.169,24.2,3.26,98000,Rå,EN-AW-6063-T5,ISO 2768-mK,Powder Coated,3.05,2025-05-29
Ytterbåge,1.582,12.0,3.4,120000,Rå,EN-AW-6061-T6,ISO 2768-mK,None,2.96,2025-05-02
Mellanprofil,1.153,24.2,3.16,98000,Rå,EN-AW-6082-T6,EN 755-9,Anodized,3.01,2025-02-18
Ytterbåge,1.359,6.0,3.85,120000,Rå,EN-AW-6061-T6,EN 755-9,None,2.88,2025-03-07
Tätning,1.715,12.0,3.69,120000,Rå,EN-AW-6082-T6,EN 755-9,None,3.34,2025-06-25
Ytterbåge,0.891,12.0,3.28,120000,Rå,EN-AW-6063-T5,EN 12020-2,Anodized,2.98,2025-05-11
Innerbåge,1.256,26.2,2.82,120000,Rå,EN-AW-6061-T6,EN 12020-2,Anodized,3.29,2025-04-22
Tätning,1.281,26.2,2.87,75000,Rå,EN-AW-6063-T5,ISO 2768-mK,Powder Coated,3.29,2025-03-05
Mellanprofil,2.799,6.0,3.89,120000,Rå,EN-AW-6082-T6,ISO 2768-mK,Anodized,3.19,2025-05-30
Tätning,0.573,12.0,3.94,98000,Rå,EN-AW-6061-T6,ISO 2768-mK,Anodized,3.16,2025-01-16
Stomme,2.997,12.0,3.16,98000,Rå,EN-AW-6063-T5,ISO 2768-mK,Powder Coated,3.41,2025-05-19
Stomme,2.35,24.2,3.97,98000,Rå,EN-AW-6061-T6,ISO 2768-mK,Anodized,3.27,2025-01-27
Innerbåge,1.661,12.0,2.61,75000,Rå,EN-AW-6082-T6,EN 12020-2,Anodized,3.14,2025-06-10
Tätning,2.054,12.0,3.75,50000,Rå,EN-AW-6082-T6,EN 755-9,Powder Coated,3.42,2025-03-25
Innerbåge,1.155,24.2,3.29,98000,Rå,EN-AW-6063-T5,EN 755-9,Powder Coated,3.26,2025-06-16
Ytterbåge,1.138,26.2,3.47,98000,Rå,EN-AW-6082-T6,ISO 2768-mK,Anodized,3.28,2025-01-13
Innerbåge,1.209,24.2,3.58,50000,Rå,EN-AW-6082-T6,EN 755-9,Powder Coated,3.4,2025-03-19
Ytterbåge,2.503,6.0,3.51,120000,Rå,EN-AW-6082-T6,EN 755-9,Anodized,3.1,2025-01-31
Innerbåge,2.808,26.2,2.99,75000,Rå,EN-AW-6082-T6,ISO 2768-mK,Powder Coated,3.17,2025-02-13
Stomme,0.728,6.0,3.02,50000,Rå,EN-AW-6063-T5,EN 755-9,None,3.4,2025-06-18
Innerbåge,2.955,6.0,2.73,50000,Rå,EN-AW-6082-T6,EN 755-9,None,3.22,2025-04-01
Tätning,1.87,6.0,3.63,50000,Rå,EN-AW-6061-T6,EN 755-9,None,3.27,2025-06-13
Mellanprofil,2.431,6.0,2.56,98000,Rå,EN-AW-6082-T6,EN 755-9,Powder Coated,3.29,2025-04-19
Stomme,1.004,12.0,3.82,75000,Rå,EN-AW-6061-T6,EN 12020-2,None,3.15,2025-03-18
Stomme,2.511,6.0,3.46,50000,Rå,EN-AW-6061-T6,EN 755-9,Powder Coated,3.39,2025-02-11
Innerbåge,1.773,24.2,3.83,120000,Rå,EN-AW-6061-T6,ISO 2768-mK,Powder Coated,2.89,2025-05-14
Ytterbåge,1.059,26.2,3.91,75000,Rå,EN-AW-6061-T6,EN 755-9,Powder Coated,3.27,2025-05-26
Ytterbåge,2.61,26.2,2.75,75000,Rå,EN-AW-6082-T6,EN 12020-2,Anodized,3.1,2025-04-16
Ytterbåge,0.56,6.0,3.49,50000,Rå,EN-AW-6061-T6,EN 755-9,Anodized,3.02,2025-02-02
Innerbåge,1.201,6.0,2.72,98000,Rå,EN-AW-6061-T6,EN 12020-2,Anodized,3.47,2025-06-03
Mellanprofil,0.545,6.0,3.93,75000,Rå,EN-AW-6063-T5,EN 755-9,Anodized,3.28,2025-02-22
Tätning,2.099,26.2,2.53,75000,Rå,EN-AW-6061-T6,EN 12020-2,Powder Coated,3.06,2025-03-24
Mellanprofil,2.462,26.2,3.0,120000,Rå,EN-AW-6082-T6,EN 755-9,Powder Coated,2.88,2025-03-21
Ytterbåge,1.705,6.0,3.67,98000,Rå,EN-AW-6061-T6,ISO 2768-mK,None,3.29,2025-06-16
Stomme,1.705,26.2,3.02,50000,Rå,EN-AW-6061-T6,ISO 2768-mK,Anodized,3.47,2025-01-04
Stomme,1.917,26.2,3.9,50000,Rå,EN-AW-6061-T6,ISO 2768-mK,None,2.88,2025-03-15
Innerbåge,1.601,6.0,3.58,98000,Rå,EN-AW-6063-T5,ISO 2768-mK,None,3.1,2025-05-10
Innerbåge,2.706,24.2,2.62,75000,Rå,EN-AW-6061-T6,ISO 2768-mK,Powder Coated,2.99,2025-02-04
Mellanprofil,1.372,6.0,3.64,98000,Rå,EN-AW-6063-T5,ISO 2768-mK,None,3.24,2025-01-03
Stomme,2.764,24.2,3.91,50000,Rå,EN-AW-6063-T5,EN 755-9,Powder Coated,3.49,2025-06-08
Innerbåge,0.67,26.2,3.76,50000,Rå,EN-AW-6082-T6,EN 12020-2,Anodized,3.47,2025-03-21
Innerbåge,2.922,6.0,3.84,75000,Rå,EN-AW-6082-T6,EN 12020-2,None,3.12,2025-03-21
Tätning,1.724,6.0,3.12,50000,Rå,EN-AW-6061-T6,EN 755-9,Anodized,3.44,2025-04-03
Innerbåge,2.475,6.0,2.64,75000,Rå,EN-AW-6063-T5,ISO 2768-mK,Anodized,3.11,2025-01-19
Mellanprofil,2.358,24.2,2.54,98000,Rå,EN-AW-6061-T6,EN 12020-2,None,3.24,2025-04-18
Innerbåge,1.15,6.0,2.77,50000,Rå,EN-AW-6082-T6,EN 12020-2,Anodized,3.17,2025-03-19
Tätning,2.41,6.0,2.8,75000,Rå,EN-AW-6063-T5,ISO 2768-mK,None,3.35,2025-03-31
Innerbåge,1.927,12.0,3.87,50000,Rå,EN-AW-6063-T5,EN 12020-2,None,3.41,2025-05-26
Tätning,2.535,12.0,2.63,50000,Rå,EN-AW-6082-T6,EN 755-9,Powder Coated,3.31,2025-05-31
Stomme,0.868,26.2,2.9,75000,Rå,EN-AW-6061-T6,EN 755-9,Powder Coated,2.91,2025-01-25
Mellanprofil,2.621,24.2,3.4,50000,Rå,EN-AW-6063-T5,EN 755-9,Anodized,3.16,2025-02-27
Innerbåge,2.446,12.0,2.7,75000,Rå,EN-AW-6063-T5,ISO 2768-mK,Anodized,3.17,2025-05-14
Innerbåge,1.038,6.0,3.32,75000,Rå,EN-AW-6063-T5,EN 12020-2,Powder Coated,2.9,2025-05-15
Mellanprofil,0.934,6.0,3.38,75000,Rå,EN-AW-6063-T5,EN 12020-2,Anodized,3.33,2025-01-18
Mellanprofil,0.743,26.2,2.72,98000,Rå,EN-AW-6061-T6,EN 755-9,Anodized,3.24,2025-04-10
Innerbåge,1.724,26.2,2.86,120000,Rå,EN-AW-6082-T6,EN 755-9,None,2.89,2025-06-29
Ytterbåge,1.778,26.2,2.83,98000,Rå,EN-AW-6082-T6,EN 12020-2,None,2.95,2025-02-25
Tätning,0.844,12.0,2.96,75000,Rå,EN-AW-6063-T5,ISO 2768-mK,Anodized,2.84,2025-02-19
Tätning,0.722,6.0,3.55,120000,Rå,EN-AW-6082-T6,EN 755-9,None,2.88,2025-06-17
Innerbåge,2.345,26.2,3.96,75000,Rå,EN-AW-6063-T5,EN 12020-2,Anodized,3.14,2025-02-02
Ytterbåge,0.647,24.2,3.52,98000,Rå,EN-AW-6063-T5,EN 755-9,None,3.35,2025-03-25
Innerbåge,1.515,26.2,3.94,50000,Rå,EN-AW-6082-T6,EN 755-9,Anodized,2.94,2025-04-29
Mellanprofil,0.973,26.2,2.91,120000,Rå,EN-AW-6061-T6,EN 755-9,None,2.89,2025-03-02
Tätning,1.714,6.0,2.62,98000,Rå,EN-AW-6082-T6,EN 755-9,Powder Coated,2.87,2025-06-05
Mellanprofil,2.297,24.2,3.0,75000,Rå,EN-AW-6063-T5,EN 12020-2,Powder Coated,3.27,2025-04-24
Innerbåge,2.912,26.2,2.56,98000,Rå,EN-AW-6063-T5,ISO 2768-mK,None,3.27,2025-02-18
Innerbåge,0.857,12.0,2.88,50000,Rå,EN-AW-6063-T5,ISO 2768-mK,Powder Coated,3.47,2025-02-16
Stomme,0.722,6.0,3.76,50000,Rå,EN-AW-6061-T6,EN 755-9,Powder Coated,3.22,2025-02-06
Stomme,0.846,26.2,3.33,98000,Rå,EN-AW-6063-T5,ISO 2768-mK,Anodized,3.18,2025-03-23
Ytterbåge,0.964,12.0,3.04,98000,Rå,EN-AW-6082-T6,EN 755-9,Anodized,3.25,2025-01-03
Tätning,0.583,6.0,2.8,75000,Rå,EN-AW-6063-T5,ISO 2768-mK,Powder Coated,3.13,2025-04-12
Mellanprofil,2.818,24.2,2.59,120000,Rå,EN-AW-6063-T5,ISO 2768-mK,Anodized,3.05,2025-01-15
Mellanprofil,2.593,12.0,3.81,98000,Rå,EN-AW-6061-T6,ISO 2768-mK,Powder Coated,3.01,2025-03-22
Ytterbåge,2.602,26.2,3.57,75000,Rå,EN-AW-6063-T5,EN 12020-2,Anodized,3.02,2025-06-14
Ytterbåge,1.397,26.2,3.11,50000,Rå,EN-AW-6061-T6,EN 12020-2,None,2.87,2025-05-16
Mellanprofil,1.676,26.2,3.06,50000,Rå,EN-AW-6061-T6,ISO 2768-mK,None,2.83,2025-06-03
Stomme,1.571,26.2,3.72,98000,Rå,EN-AW-6063-T5,ISO 2768-mK,None,2.94,2025-02-16
Stomme,2.916,12.0,3.62,50000,Rå,EN-AW-6082-T6,ISO 2768-mK,Anodized,3.11,2025-01-02
Tätning,0.887,6.0,3.64,98000,Rå,EN-AW-6082-T6,EN 755-9,Powder Coated,3.02,2025-01-06
Mellanprofil,1.928,26.2,2.83,75000,Rå,EN-AW-6082-T6,EN 12020-2,None,3.49,2025-02-22
Tätning,2.466,24.2,3.52,98000,Rå,EN-AW-6061-T6,ISO 2768-mK,Anodized,3.43,2025-05-02
Innerbåge,1.73,6.0,3.36,98000,Rå,EN-AW-6061-T6,EN 12020-2,Powder Coated,3.46,2025-05-05
Ytterbåge,2.969,26.2,3.21,75000,Rå,EN-AW-6063-T5,ISO 2768-mK,Anodized,3.05,2025-02-09
Ytterbåge,1.629,6.0,3.63,50000,Rå,EN-AW-6082-T6,EN 12020-2,None,3.41,2025-01-23
Tätning,1.994,12.0,2.96,120000,Rå,EN-AW-6082-T6,ISO 2768-mK,Powder Coated,3.12,2025-04-07
Innerbåge,1.469,26.2,3.19,98000,Rå,EN-AW-6063-T5,EN 12020-2,Anodized,3.34,2025-06-19
Ytterbåge,1.486,6.0,3.85,75000,Rå,EN-AW-6061-T6,EN 755-9,Anodized,3.42,2025-04-12
Ytterbåge,1.789,12.0,3.09,120000,Rå,EN-AW-6063-T5,EN 12020-2,Anodized,2.82,2025-04-29
Stomme,2.744,24.2,3.85,75000,Rå,EN-AW-6063-T5,EN 755-9,Anodized,3.5,2025-05-12
Tätning,1.718,26.2,3.56,50000,Rå,EN-AW-6063-T5,EN 755-9,Anodized,3.13,2025-06-21
Innerbåge,2.393,26.2,3.65,50000,Rå,EN-AW-6061-T6,EN 12020-2,None,3.29,2025-04-22
Stomme,0.77,6.0,3.19,50000,Rå,EN-AW-6061-T6,ISO 2768-mK,None,3.15,2025-02-03
Tätning,1.917,12.0,3.92,98000,Rå,EN-AW-6082-T6,EN 12020-2,None,3.02,2025-04-02
Stomme,0.68,12.0,2.85,75000,Rå,EN-AW-6082-T6,ISO 2768-mK,None,3.18,2025-06-15
Mellanprofil,2.608,26.2,3.79,98000,Rå,EN-AW-6063-T5,ISO 2768-mK,None,2.96,2025-03-11
Tätning,1.876,12.0,3.14,120000,Rå,EN-AW-6063-T5,EN 12020-2,Powder Coated,2.93,2025-03-17
Innerbåge,0.962,24.2,3.76,98000,Rå,EN-AW-6063-T5,EN 755-9,Powder Coated,3.08,2025-01-31
Innerbåge,0.6,12.0,3.4,98000,Rå,EN-AW-6082-T6,EN 12020-2,Powder Coated,3.22,2025-03-03
Innerbåge,1.596,12.0,3.77,50000,Rå,EN-AW-6082-T6,EN 755-9,Anodized,3.35,2025-04-09
Stomme,1.007,6.0,3.05,50000,Rå,EN-AW-6063-T5,ISO 2768-mK,Anodized,3.21,2025-05-19
Stomme,2.24,12.0,3.84,98000,Rå,EN-AW-6063-T5,EN 755-9,None,3.11,2025-04-06
Stomme,2.036,26.2,3.34,50000,Rå,EN-AW-6082-T6,ISO 2768-mK,Anodized,3.08,2025-04-23
Tätning,1.949,24.2,3.13,120000,Rå,EN-AW-6082-T6,EN 755-9,Powder Coated,3.13,2025-03-22
Mellanprofil,2.273,12.0,2.57,98000,Rå,EN-AW-6082-T6,ISO 2768-mK,Powder Coated,3.12,2025-06-01
Innerbåge,0.519,6.0,3.45,50000,Rå,EN-AW-6061-T6,EN 755-9,Anodized,2.95,2025-06-25
Tätning,1.164,24.2,3.1,98000,Rå,EN-AW-6063-T5,ISO 2768-mK,None,3.49,2025-06-12
Innerbåge,1.689,26.2,3.59,98000,Rå,EN-AW-6063-T5,EN 12020-2,None,3.11,2025-01-16
Mellanprofil,1.711,12.0,2.58,75000,Rå,EN-AW-6082-T6,ISO 2768-mK,Anodized,3.05,2025-04-20
Tätning,1.868,6.0,3.86,120000,Rå,EN-AW-6061-T6,ISO 2768-mK,Powder Coated,3.06,2025-01-15
Ytterbåge,1.813,24.2,3.46,98000,Rå,EN-AW-6082-T6,ISO 2768-mK,None,2.87,2025-06-28
Innerbåge,2.474,26.2,3.29,98000,Rå,EN-AW-6082-T6,EN 12020-2,Powder Coated,3.0,2025-03-09
Ytterbåge,1.717,6.0,3.45,75000,Rå,EN-AW-6082-T6,EN 12020-2,Powder Coated,3.2,2025-01-20
Ytterbåge,1.725,26.2,2.77,120000,Rå,EN-AW-6063-T5,ISO 2768-mK,Powder Coated,2.81,2025-06-16
Mellanprofil,0.716,26.2,3.15,50000,Rå,EN-AW-6061-T6,ISO 2768-mK,Anodized,2.89,2025-06-07
Innerbåge,2.923,6.0,2.94,120000,Rå,EN-AW-6082-T6,EN 755-9,Powder Coated,3.47,2025-01-31
Tätning,1.544,24.2,2.58,98000,Rå,EN-AW-6063-T5,EN 755-9,None,3.22,2025-06-06
Innerbåge,2.89,12.0,3.48,98000,Rå,EN-AW-6061-T6,ISO 2768-mK,None,2.89,2025-05-13
Stomme,1.759,6.0,2.57,75000,Rå,EN-AW-6082-T6,EN 12020-2,Powder Coated,3.25,2025-06-18
Mellanprofil,1.549,24.2,2.52,120000,Rå,EN-AW-6063-T5,EN 755-9,None,2.87,2025-06-08
Tätning,2.575,6.0,2.7,75000,Rå,EN-AW-6061-T6,ISO 2768-mK,None,3.03,2025-05-29
Mellanprofil,0.589,24.2,3.36,120000,Rå,EN-AW-6063-T5,EN 755-9,None,3.38,2025-01-04
Stomme,0.887,26.2,3.59,98000,Rå,EN-AW-6082-T6,ISO 2768-mK,Anodized,3.15,2025-05-08
Mellanprofil,0.868,12.0,3.86,98000,Rå,EN-AW-6063-T5,EN 12020-2,None,2.85,2025-05-14
Innerbåge,1.925,26.2,2.59,50000,Rå,EN-AW-6061-T6,EN 755-9,Anodized,2.91,2025-02-06
Stomme,1.734,26.2,3.39,120000,Rå,EN-AW-6082-T6,EN 755-9,Powder Coated,3.19,2025-05-25
Ytterbåge,2.924,26.2,3.31,75000,Rå,EN-AW-6063-T5,EN 755-9,Powder Coated,3.11,2025-04-06
Stomme,1.12,12.0,2.87,120000,Rå,EN-AW-6063-T5,EN 755-9,Anodized,3.39,2025-03-20
Ytterbåge,2.592,12.0,2.92,120000,Rå,EN-AW-6061-T6,EN 12020-2,Anodized,2.99,2025-06-26
Stomme,1.108,6.0,2.62,75000,Rå,EN-AW-6061-T6,EN 755-9,None,3.14,2025-05-09
Innerbåge,1.877,24.2,4.0,75000,Rå,EN-AW-6082-T6,EN 12020-2,Anodized,3.25,2025-03-10
Ytterbåge,2.049,6.0,3.28,120000,Rå,EN-AW-6082-T6,ISO 2768-mK,Powder Coated,2.92,2025-04-08
Tätning,2.984,24.2,3.58,50000,Rå,EN-AW-6082-T6,ISO 2768-mK,Powder Coated,2.98,2025-05-15
Innerbåge,2.272,12.0,2.69,75000,Rå,EN-AW-6063-T5,ISO 2768-mK,Powder Coated,3.49,2025-02-21
Stomme,0.759,12.0,2.83,120000,Rå,EN-AW-6082-T6,ISO 2768-mK,Powder Coated,3.15,2025-03-25
Ytterbåge,0.706,24.2,3.31,50000,Rå,EN-AW-6082-T6,EN 12020-2,None,3.33,2025-01-23
Stomme,2.399,12.0,3.01,75000,Rå,EN-AW-6082-T6,ISO 2768-mK,None,2.82,2025-01-10
Mellanprofil,2.598,24.2,3.46,50000,Rå,EN-AW-6061-T6,EN 755-9,Anodized,2.88,2025-03-28
Tätning,0.517,24.2,2.69,75000,Rå,EN-AW-6061-T6,EN 755-9,Powder Coated,3.04,2025-05-10
Ytterbåge,1.218,12.0,3.95,98000,Rå,EN-AW-6063-T5,ISO 2768-mK,Powder Coated,2.85,2025-03-02
Stomme,2.696,24.2,3.31,50000,Rå,EN-AW-6063-T5,EN 755-9,Anodized,2.89,2025-06-17
Ytterbåge,2.034,24.2,2.76,98000,Rå,EN-AW-6082-T6,ISO 2768-mK,None,3.37,2025-04-28
Tätning,0.941,24.2,3.25,98000,Rå,EN-AW-6061-T6,ISO 2768-mK,Anodized,3.36,2025-04-14
Ytterbåge,2.468,24.2,3.01,98000,Rå,EN-AW-6082-T6,ISO 2768-mK,Powder Coated,3.1,2025-04-29
Stomme,2.017,26.2,3.02,75000,Rå,EN-AW-6082-T6,EN 755-9,Anodized,2.95,2025-04-26
Innerbåge,2.029,12.0,3.0,75000,Rå,EN-AW-6063-T5,ISO 2768-mK,Powder Coated,3.06,2025-05-07
Stomme,1.837,24.2,2.56,120000,Rå,EN-AW-6082-T6,EN 755-9,Anodized,3.23,2025-01-27
Innerbåge,0.537,24.2,3.37,75000,Rå,EN-AW-6063-T5,ISO 2768-mK,Anodized,3.34,2025-06-06
Stomme,1.792,12.0,3.26,50000,Rå,EN-AW-6063-T5,EN 755-9,Powder Coated,3.33,2025-04-21
Innerbåge,0.771,24.2,3.55,98000,Rå,EN-AW-6061-T6,EN 755-9,None,3.34,2025-04-07
Tätning,0.873,24.2,3.62,50000,Rå,EN-AW-6061-T6,EN 755-9,Anodized,3.33,2025-04-07
Ytterbåge,1.035,6.0,3.67,75000,Rå,EN-AW-6082-T6,EN 12020-2,Powder Coated,3.39,2025-05-20
Tätning,2.478,6.0,2.5,98000,Rå,EN-AW-6082-T6,EN 755-9,Powder Coated,2.92,2025-04-14
Stomme,1.584,6.0,3.89,75000,Rå,EN-AW-6063-T5,ISO 2768-mK,Anodized,3.07,2025-05-19
Mellanprofil,1.434,26.2,3.04,98000,Rå,EN-AW-6082-T6,ISO 2768-mK,None,3.18,2025-06-03
Tätning,2.375,12.0,2.66,98000,Rå,EN-AW-6082-T6,ISO 2768-mK,Powder Coated,3.03,2025-02-22
Mellanprofil,2.768,12.0,2.58,120000,Rå,EN-AW-6061-T6,EN 12020-2,Anodized,2.84,2025-04-09
Tätning,2.874,24.2,3.99,75000,Rå,EN-AW-6061-T6,EN 12020-2,Powder Coated,2.97,2025-02-19
Innerbåge,1.71,6.0,2.89,75000,Rå,EN-AW-6063-T5,EN 12020-2,Powder Coated,2.92,2025-03-26
Mellanprofil,1.309,24.2,3.24,120000,Rå,EN-AW-6082-T6,EN 12020-2,Anodized,3.3,2025-01-01
Tätning,1.704,26.2,2.93,50000,Rå,EN-AW-6082-T6,EN 755-9,None,3.08,2025-01-21
Innerbåge,2.231,24.2,3.88,50000,Rå,EN-AW-6082-T6,ISO 2768-mK,Anodized,3.29,2025-01-12
Tätning,1.932,26.2,3.22,120000,Rå,EN-AW-6082-T6,ISO 2768-mK,Powder Coated,3.05,2025-06-12
Mellanprofil,2.542,12.0,2.51,50000,Rå,EN-AW-6061-T6,ISO 2768-mK,Powder Coated,2.89,2025-02-18
Mellanprofil,0.611,12.0,3.91,98000,Rå,EN-AW-6063-T5,EN 755-9,Powder Coated,3.44,2025-04-06
Tätning,2.73,6.0,3.26,98000,Rå,EN-AW-6082-T6,EN 12020-2,Anodized,3.07,2025-06-01
Tätning,0.975,24.2,3.27,75000,Rå,EN-AW-6061-T6,ISO 2768-mK,Powder Coated,3.05,2025-06-08
Ytterbåge,2.719,24.2,3.37,98000,Rå,EN-AW-6063-T5,EN 755-9,Anodized,3.46,2025-01-25
Tätning,1.446,12.0,2.71,98000,Rå,EN-AW-6082-T6,EN 12020-2,Powder Coated,2.9,2025-05-21
Innerbåge,1.028,6.0,2.77,75000,Rå,EN-AW-6063-T5,EN 755-9,Powder Coated,3.22,2025-05-31
Stomme,2.215,24.2,3.51,120000,Rå,EN-AW-6082-T6,EN 755-9,Powder Coated,3.06,2025-02-11
Ytterbåge,1.401,24.2,3.44,98000,Rå,EN-AW-6061-T6,EN 12020-2,Powder Coated,3.35,2025-04-24
Ytterbåge,2.027,6.0,2.73,120000,Rå,EN-AW-6082-T6,ISO 2768-mK,Anodized,3.49,2025-02-16
Innerbåge,0.798,6.0,3.0,50000,Rå,EN-AW-6082-T6,ISO 2768-mK,None,3.01,2025-02-23
Innerbåge,0.557,12.0,3.5,98000,Rå,EN-AW-6063-T5,ISO 2768-mK,Anodized,3.16,2025-06-11
Mellanprofil,1.492,6.0,2.84,50000,Rå,EN-AW-6061-T6,EN 755-9,Powder Coated,3.42,2025-03-22
Mellanprofil,1.038,26.2,3.57,120000,Rå,EN-AW-6082-T6,EN 755-9,Anodized,3.28,2025-02-25
Stomme,2.957,6.0,2.67,98000,Rå,EN-AW-6082-T6,EN 12020-2,None,3.22,2025-05-29
Mellanprofil,0.743,24.2,3.55,98000,Rå,EN-AW-6063-T5,EN 755-9,Anodized,3.08,2025-02-26
Ytterbåge,0.832,6.0,3.15,120000,Rå,EN-AW-6061-T6,EN 755-9,None,3.17,2025-04-20
Mellanprofil,1.484,26.2,3.66,50000,Rå,EN-AW-6061-T6,ISO 2768-mK,None,3.47,2025-03-25
Ytterbåge,1.401,26.2,2.69,120000,Rå,EN-AW-6082-T6,EN 755-9,None,3.29,2025-02-24
Mellanprofil,1.547,12.0,3.61,120000,Rå,EN-AW-6063-T5,ISO 2768-mK,None,2.83,2025-05-14
Innerbåge,0.944,12.0,3.9,75000,Rå,EN-AW-6063-T5,EN 755-9,Powder Coated,3.16,2025-05-06
Innerbåge,1.741,12.0,3.78,98000,Rå,EN-AW-6061-T6,EN 755-9,Powder Coated,2.92,2025-06-04
Tätning,1.087,12.0,3.72,75000,Rå,EN-AW-6063-T5,EN 755-9,None,2.88,2025-04-28
Tätning,1.941,26.2,3.84,98000,Rå,EN-AW-6082-T6,ISO 2768-mK,None,2.9,2025-06-15
Mellanprofil,2.124,12.0,3.36,50000,Rå,EN-AW-6061-T6,ISO 2768-mK,Powder Coated,2.92,2025-02-22
Innerbåge,2.517,26.2,2.83,50000,Rå,EN-AW-6061-T6,ISO 2768-mK,Powder Coated,3.45,2025-02-13
Innerbåge,2.806,24.2,3.3,98000,Rå,EN-AW-6082-T6,EN 12020-2,Anodized,3.42,2025-05-21
Stomme,2.299,24.2,2.8,120000,Rå,EN-AW-6063-T5,EN 755-9,Anodized,3.5,2025-05-21
Innerbåge,1.132,6.0,3.57,98000,Rå,EN-AW-6061-T6,EN 12020-2,Powder Coated,3.04,2025-03-29
Ytterbåge,2.459,12.0,3.31,50000,Rå,EN-AW-6061-T6,EN 755-9,Powder Coated,3.44,2025-01-15
Tätning,2.334,24.2,3.81,75000,Rå,EN-AW-6061-T6,ISO 2768-mK,Anodized,3.24,2025-03-11
Innerbåge,1.209,26.2,3.49,98000,Rå,EN-AW-6082-T6,EN 12020-2,Anodized,2.81,2025-05-06
Ytterbåge,2.252,12.0,3.13,75000,Rå,EN-AW-6063-T5,EN 755-9,Anodized,3.08,2025-02-10
Innerbåge,0.778,24.2,3.96,98000,Rå,EN-AW-6061-T6,EN 12020-2,Anodized,3.48,2025-05-26
Tätning,2.226,12.0,3.1,98000,Rå,EN-AW-6063-T5,ISO 2768-mK,Powder Coated,3.44,2025-05-12
Stomme,1.82,26.2,2.8,75000,Rå,EN-AW-6061-T6,EN 755-9,Anodized,3.18,2025-06-26
Stomme,2.231,24.2,2.68,120000,Rå,EN-AW-6063-T5,EN 12020-2,Anodized,3.21,2025-06-20
Tätning,0.838,12.0,3.47,75000,Rå,EN-AW-6061-T6,EN 12020-2,None,3.32,2025-03-25
Mellanprofil,0.664,12.0,2.9,120000,Rå,EN-AW-6061-T6,EN 12020-2,Powder Coated,3.45,2025-03-09
Innerbåge,2.038,12.0,3.06,120000,Rå,EN-AW-6061-T6,EN 12020-2,Anodized,2.91,2025-04-05
Ytterbåge,2.211,12.0,3.38,120000,Rå,EN-AW-6063-T5,EN 755-9,Powder Coated,3.47,2025-04-12
Tätning,0.857,24.2,2.55,75000,Rå,EN-AW-6082-T6,EN 755-9,Anodized,3.24,2025-01-08
Innerbåge,2.376,6.0,3.01,120000,Rå,EN-AW-6061-T6,ISO 2768-mK,Powder Coated,2.87,2025-05-28
Ytterbåge,0.809,26.2,3.45,75000,Rå,EN-AW-6061-T6,ISO 2768-mK,Powder Coated,3.19,2025-05-13
Innerbåge,1.632,12.0,3.62,120000,Rå,EN-AW-6082-T6,EN 755-9,None,3.06,2025-01-29
Mellanprofil,0.525,26.2,2.96,75000,Rå,EN-AW-6063-T5,EN 12020-2,None,3.19,2025-05-23
Ytterbåge,2.195,24.2,3.73,75000,Rå,EN-AW-6082-T6,ISO 2768-mK,Powder Coated,3.45,2025-05-03
Stomme,2.079,26.2,3.25,120000,Rå,EN-AW-6082-T6,EN 755-9,None,2.99,2025-06-15
Mellanprofil,1.833,26.2,3.31,98000,Rå,EN-AW-6063-T5,EN 12020-2,Powder Coated,3.25,2025-01-21
Mellanprofil,1.318,6.0,2.92,75000,Rå,EN-AW-6063-T5,ISO 2768-mK,Powder Coated,3.41,2025-05-13
Mellanprofil,1.3,6.0,3.21,98000,Rå,EN-AW-6063-T5,EN 12020-2,Powder Coated,2.81,2025-01-04
Stomme,2.455,6.0,3.72,75000,Rå,EN-AW-6063-T5,EN 12020-2,Powder Coated,2.9,2025-02-26
Ytterbåge,1.166,12.0,3.08,120000,Rå,EN-AW-6061-T6,EN 12020-2,Anodized,2.93,2025-06-14
Stomme,2.541,24.2,2.64,120000,Rå,EN-AW-6061-T6,EN 755-9,Powder Coated,2.95,2025-06-17
Mellanprofil,1.271,26.2,2.79,120000,Rå,EN-AW-6061-T6,ISO 2768-mK,Powder Coated,3.48,2025-04-04
Mellanprofil,1.704,6.0,2.87,120000,Rå,EN-AW-6063-T5,ISO 2768-mK,None,3.2,2025-02-23
Ytterbåge,1.505,26.2,2.99,50000,Rå,EN-AW-6082-T6,ISO 2768-mK,Anodized,3.24,2025-03-14
Ytterbåge,1.272,6.0,2.99,75000,Rå,EN-AW-6063-T5,EN 755-9,Anodized,3.28,2025-01-27
Tätning,1.295,12.0,2.89,75000,Rå,EN-AW-6063-T5,EN 755-9,None,3.29,2025-01-20
Ytterbåge,2.605,12.0,3.97,75000,Rå,EN-AW-6061-T6,EN 12020-2,None,3.35,2025-03-22
Innerbåge,0.958,6.0,2.57,120000,Rå,EN-AW-6061-T6,EN 755-9,Anodized,2.91,2025-04-04
Tätning,1.279,6.0,3.33,98000,Rå,EN-AW-6061-T6,ISO 2768-mK,Anodized,3.26,2025-05-16
Tätning,1.732,6.0,2.59,120000,Rå,EN-AW-6082-T6,ISO 2768-mK,None,2.95,2025-04-21
Stomme,2.623,24.2,2.7,120000,Rå,EN-AW-6082-T6,EN 12020-2,None,3.38,2025-06-02
Ytterbåge,1.364,24.2,2.7,98000,Rå,EN-AW-6082-T6,EN 12020-2,Powder Coated,3.05,2025-05-31
Ytterbåge,2.912,24.2,2.82,50000,Rå,EN-AW-6063-T5,EN 755-9,None,3.36,2025-05-18
Mellanprofil,2.29,12.0,3.3,75000,Rå,EN-AW-6082-T6,EN 12020-2,Anodized,2.99,2025-04-19
Mellanprofil,0.865,12.0,3.66,75000,Rå,EN-AW-6061-T6,ISO 2768-mK,Powder Coated,3.08,2025-04-26
Stomme,0.734,24.2,3.7,75000,Rå,EN-AW-6061-T6,EN 12020-2,Powder Coated,3.23,2025-05-13
Tätning,0.984,6.0,3.25,120000,Rå,EN-AW-6061-T6,ISO 2768-mK,Anodized,3.01,2025-05-18
Innerbåge,2.651,24.2,3.69,50000,Rå,EN-AW-6063-T5,EN 12020-2,None,3.44,2025-04-08
Tätning,1.432,24.2,2.59,120000,Rå,EN-AW-6063-T5,EN 755-9,Powder Coated,3.09,2025-02-18
Innerbåge,1.704,26.2,2.6,75000,Rå,EN-AW-6063-T5,ISO 2768-mK,Powder Coated,3.14,2025-01-23
Mellanprofil,2.174,12.0,3.53,98000,Rå,EN-AW-6082-T6,ISO 2768-mK,Powder Coated,3.01,2025-06-18
Innerbåge,2.404,26.2,2.63,75000,Rå,EN-AW-6061-T6,EN 755-9,Powder Coated,2.85,2025-06-29
Stomme,1.148,24.2,2.62,75000,Rå,EN-AW-6061-T6,EN 12020-2,Anodized,2.84,2025-02-01
Stomme,2.06,6.0,3.92,50000,Rå,EN-AW-6061-T6,EN 12020-2,Powder Coated,3.04,2025-04-02
Innerbåge,0.853,24.2,3.77,75000,Rå,EN-AW-6061-T6,ISO 2768-mK,Anodized,3.29,2025-04-05
Ytterbåge,1.163,12.0,3.27,98000,Rå,EN-AW-6061-T6,ISO 2768-mK,Powder Coated,3.49,2025-02-16
Tätning,2.61,26.2,2.83,98000,Rå,EN-AW-6063-T5,EN 755-9,None,3.47,2025-02-14
Mellanprofil,1.62,12.0,2.56,98000,Rå,EN-AW-6082-T6,ISO 2768-mK,Anodized,2.99,2025-03-26
Stomme,2.264,6.0,3.54,98000,Rå,EN-AW-6063-T5,EN 755-9,Anodized,3.38,2025-02-26
Innerbåge,2.878,12.0,3.32,120000,Rå,EN-AW-6061-T6,EN 12020-2,None,3.25,2025-02-19
Innerbåge,1.904,6.0,2.57,50000,Rå,EN-AW-6082-T6,ISO 2768-mK,Anodized,3.11,2025-01-20
Mellanprofil,2.738,6.0,3.1,120000,Rå,EN-AW-6082-T6,EN 12020-2,None,3.08,2025-05-31
Ytterbåge,2.76,24.2,2.86,50000,Rå,EN-AW-6082-T6,ISO 2768-mK,Anodized,3.13,2025-01-16
Innerbåge,1.533,12.0,3.3,75000,Rå,EN-AW-6061-T6,ISO 2768-mK,Powder Coated,3.27,2025-05-31
Tätning,1.989,6.0,3.85,120000,Rå,EN-AW-6082-T6,EN 12020-2,Powder Coated,3.37,2025-03-08
Innerbåge,0.978,24.2,3.14,120000,Rå,EN-AW-6061-T6,EN 12020-2,None,3.43,2025-03-25
Mellanprofil,1.392,12.0,2.65,50000,Rå,EN-AW-6063-T5,EN 12020-2,None,3.08,2025-05-31
Mellanprofil,2.019,26.2,3.72,50000,Rå,EN-AW-6063-T5,EN 755-9,Powder Coated,3.4,2025-04-10
Innerbåge,2.038,24.2,3.29,120000,Rå,EN-AW-6082-T6,ISO 2768-mK,None,2.96,2025-04-22
Mellanprofil,2.439,6.0,3.14,75000,Rå,EN-AW-6063-T5,EN 12020-2,None,3.22,2025-04-12
Innerbåge,0.738,24.2,3.93,75000,Rå,EN-AW-6061-T6,EN 755-9,Anodized,3.49,2025-02-05
Tätning,1.917,26.2,3.34,98000,Rå,EN-AW-6061-T6,ISO 2768-mK,None,3.2,2025-03-29
Ytterbåge,1.194,24.2,3.61,98000,Rå,EN-AW-6061-T6,EN 12020-2,Powder Coated,3.13,2025-05-03
Stomme,2.512,26.2,3.37,50000,Rå,EN-AW-6063-T5,EN 755-9,Powder Coated,2.83,2025-04-04
Ytterbåge,2.049,6.0,4.0,98000,Rå,EN-AW-6063-T5,ISO 2768-mK,Powder Coated,3.34,2025-02-04
Stomme,2.892,12.0,3.27,50000,Rå,EN-AW-6082-T6,ISO 2768-mK,None,2.99,2025-06-28
Mellanprofil,0.541,26.2,3.2,50000,Rå,EN-AW-6061-T6,ISO 2768-mK,Anodized,3.2,2025-06-10
Stomme,0.764,12.0,2.84,75000,Rå,EN-AW-6063-T5,ISO 2768-mK,Anodized,3.26,2025-01-08
Ytterbåge,0.55,26.2,2.67,120000,Rå,EN-AW-6082-T6,EN 755-9,Anodized,2.91,2025-05-07
Innerbåge,1.191,12.0,3.85,120000,Rå,EN-AW-6082-T6,EN 755-9,Powder Coated,3.21,2025-04-24
Ytterbåge,0.994,12.0,2.65,75000,Rå,EN-AW-6082-T6,ISO 2768-mK,Powder Coated,3.49,2025-02-07
Innerbåge,1.209,6.0,3.44,120000,Rå,EN-AW-6082-T6,ISO 2768-mK,None,3.37,2025-01-15
Ytterbåge,1.581,12.0,3.42,75000,Rå,EN-AW-6082-T6,EN 12020-2,None,2.97,2025-06-19
Ytterbåge,0.648,12.0,3.29,50000,Rå,EN-AW-6061-T6,EN 12020-2,Powder Coated,3.14,2025-04-28
Stomme,0.617,12.0,3.64,98000,Rå,EN-AW-6063-T5,ISO 2768-mK,Anodized,3.05,2025-01-23
Innerbåge,1.699,6.0,3.91,75000,Rå,EN-AW-6061-T6,EN 755-9,None,3.39,2025-05-08
Mellanprofil,1.583,24.2,3.38,120000,Rå,EN-AW-6063-T5,ISO 2768-mK,None,3.45,2025-06-15
Ytterbåge,1.842,12.0,2.78,75000,Rå,EN-AW-6061-T6,ISO 2768-mK,None,3.29,2025-03-28
Mellanprofil,1.443,6.0,3.79,98000,Rå,EN-AW-6082-T6,EN 755-9,None,2.88,2025-04-11
Ytterbåge,1.45,24.2,3.25,98000,Rå,EN-AW-6063-T5,ISO 2768-mK,None,3.34,2025-01-25
Innerbåge,2.29,12.0,3.53,50000,Rå,EN-AW-6082-T6,EN 12020-2,Anodized,2.89,2025-03-09
Ytterbåge,2.826,6.0,2.6,50000,Rå,EN-AW-6063-T5,EN 755-9,Powder Coated,3.04,2025-06-17
Stomme,0.813,6.0,2.62,75000,Rå,EN-AW-6082-T6,ISO 2768-mK,Powder Coated,3.1,2025-04-08
Stomme,0.767,12.0,2.81,98000,Rå,EN-AW-6061-T6,EN 12020-2,Anodized,2.81,2025-06-14
Stomme,2.553,24.2,4.0,98000,Rå,EN-AW-6082-T6,EN 12020-2,None,2.84,2025-02-02
Stomme,1.198,26.2,3.66,120000,Rå,EN-AW-6082-T6,EN 755-9,None,2.84,2025-06-10
Tätning,1.814,24.2,3.81,75000,Rå,EN-AW-6082-T6,EN 12020-2,Powder Coated,2.86,2025-05-17
Ytterbåge,2.378,24.2,2.88,50000,Rå,EN-AW-6082-T6,ISO 2768-mK,Powder Coated,3.43,2025-03-08
Stomme,1.799,12.0,3.98,50000,Rå,EN-AW-6063-T5,EN 755-9,Powder Coated,3.42,2025-05-14
Innerbåge,1.796,24.2,2.58,75000,Rå,EN-AW-6061-T6,ISO 2768-mK,Anodized,2.97,2025-04-02
Mellanprofil,2.963,12.0,3.0,50000,Rå,EN-AW-6061-T6,ISO 2768-mK,Powder Coated,3.32,2025-01-26
Ytterbåge,1.773,26.2,3.14,98000,Rå,EN-AW-6061-T6,EN 12020-2,Anodized,3.13,2025-05-20
Mellanprofil,2.383,26.2,3.79,98000,Rå,EN-AW-6082-T6,ISO 2768-mK,Anodized,3.06,2025-04-22
Innerbåge,1.39,24.2,3.37,98000,Rå,EN-AW-6061-T6,EN 755-9,Powder Coated,3.4,2025-04-18
Innerbåge,1.877,24.2,3.83,98000,Rå,EN-AW-6063-T5,EN 12020-2,Powder Coated,3.1,2025-01-23
Innerbåge,2.596,24.2,2.75,98000,Rå,EN-AW-6082-T6,ISO 2768-mK,Anodized,3.14,2025-01-29
Mellanprofil,1.821,12.0,3.11,50000,Rå,EN-AW-6061-T6,EN 12020-2,Powder Coated,3.26,2025-04-12
Innerbåge,2.987,6.0,3.43,50000,Rå,EN-AW-6061-T6,EN 12020-2,None,3.38,2025-04-03
Stomme,1.288,6.0,2.8,120000,Rå,EN-AW-6061-T6,ISO 2768-mK,Powder Coated,2.99,2025-04-27
Mellanprofil,1.108,26.2,3.91,120000,Rå,EN-AW-6082-T6,EN 755-9,Powder Coated,3.44,2025-04-01
Tätning,1.374,6.0,3.36,120000,Rå,EN-AW-6063-T5,EN 755-9,Powder Coated,3.11,2025-03-15
Mellanprofil,1.167,6.0,3.17,120000,Rå,EN-AW-6063-T5,EN 12020-2,Powder Coated,3.3,2025-05-03
Innerbåge,2.085,12.0,3.54,98000,Rå,EN-AW-6061-T6,ISO 2768-mK,Powder Coated,3.43,2025-02-25
Innerbåge,2.483,26.2,2.91,75000,Rå,EN-AW-6061-T6,ISO 2768-mK,Powder Coated,3.34,2025-06-05
Ytterbåge,0.672,24.2,3.14,50000,Rå,EN-AW-6061-T6,EN 12020-2,None,3.31,2025-01-19
Ytterbåge,1.071,24.2,3.46,75000,Rå,EN-AW-6061-T6,EN 12020-2,None,3.05,2025-01-29
Stomme,2.051,12.0,2.74,75000,Rå,EN-AW-6063-T5,EN 12020-2,Anodized,3.17,2025-05-13
Tätning,1.431,6.0,3.79,98000,Rå,EN-AW-6061-T6,EN 755-9,Anodized,3.15,2025-06-25
Mellanprofil,1.361,24.2,2.5,120000,Rå,EN-AW-6063-T5,EN 755-9,Powder Coated,3.13,2025-05-28
Ytterbåge,1.217,12.0,2.98,120000,Rå,EN-AW-6063-T5,ISO 2768-mK,None,3.25,2025-03-18
Stomme,1.799,6.0,3.95,98000,Rå,EN-AW-6061-T6,EN 755-9,Powder Coated,2.92,2025-04-20
Mellanprofil,2.844,26.2,3.77,50000,Rå,EN-AW-6061-T6,EN 12020-2,Powder Coated,2.85,2025-02-15
Tätning,2.349,24.2,3.93,75000,Rå,EN-AW-6061-T6,EN 755-9,Anodized,3.29,2025-01-26
Ytterbåge,2.317,12.0,3.72,75000,Rå,EN-AW-6082-T6,ISO 2768-mK,Powder Coated,3.44,2025-04-03
Mellanprofil,1.759,26.2,3.74,98000,Rå,EN-AW-6061-T6,EN 755-9,None,3.33,2025-02-04
Stomme,2.75,26.2,3.55,75000,Rå,EN-AW-6063-T5,ISO 2768-mK,Anodized,2.85,2025-03-04
Innerbåge,2.678,6.0,2.82,98000,Rå,EN-AW-6061-T6,EN 12020-2,None,3.22,2025-06-06
Ytterbåge,0.511,24.2,3.83,75000,Rå,EN-AW-6082-T6,EN 755-9,Anodized,3.31,2025-04-15
Ytterbåge,1.3,24.2,3.65,120000,Rå,EN-AW-6082-T6,EN 12020-2,Anodized,3.28,2025-06-28
Innerbåge,1.446,12.0,2.97,75000,Rå,EN-AW-6082-T6,EN 755-9,Powder Coated,2.81,2025-04-08
Ytterbåge,1.402,24.2,2.88,98000,Rå,EN-AW-6082-T6,EN 12020-2,Anodized,3.39,2025-03-03
Stomme,2.943,26.2,3.11,120000,Rå,EN-AW-6063-T5,EN 755-9,None,3.3,2025-02-23
Stomme,2.957,12.0,3.65,50000,Rå,EN-AW-6082-T6,ISO 2768-mK,Powder Coated,3.38,2025-06-21
Innerbåge,0.829,26.2,3.08,98000,Rå,EN-AW-6082-T6,EN 755-9,None,3.02,2025-04-09
Ytterbåge,2.551,24.2,3.72,75000,Rå,EN-AW-6061-T6,ISO 2768-mK,Anodized,3.17,2025-04-04
Ytterbåge,2.137,6.0,2.66,75000,Rå,EN-AW-6061-T6,EN 12020-2,Anodized,3.02,2025-06-03
Stomme,0.9,12.0,3.04,120000,Rå,EN-AW-6061-T6,ISO 2768-mK,Powder Coated,3.31,2025-01-26
Ytterbåge,2.047,12.0,3.92,50000,Rå,EN-AW-6082-T6,ISO 2768-mK,Anodized,3.25,2025-03-05
Tätning,2.833,12.0,2.53,50000,Rå,EN-AW-6063-T5,EN 12020-2,Anodized,2.98,2025-01-10
Ytterbåge,1.161,12.0,3.34,50000,Rå,EN-AW-6063-T5,ISO 2768-mK,Powder Coated,3.43,2025-03-31
Mellanprofil,2.628,12.0,3.76,98000,Rå,EN-AW-6063-T5,ISO 2768-mK,Anodized,3.3,2025-05-16
Mellanprofil,0.879,12.0,2.78,98000,Rå,EN-AW-6061-T6,ISO 2768-mK,None,3.43,2025-01-13
Ytterbåge,2.248,12.0,3.29,120000,Rå,EN-AW-6061-T6,ISO 2768-mK,Anodized,3.09,2025-03-01
Stomme,1.613,24.2,2.92,98000,Rå,EN-AW-6063-T5,EN 755-9,Powder Coated,3.01,2025-03-03
Innerbåge,0.94,12.0,3.34,75000,Rå,EN-AW-6082-T6,EN 755-9,Powder Coated,2.95,2025-05-02
Ytterbåge,0.896,6.0,3.25,50000,Rå,EN-AW-6082-T6,ISO 2768-mK,Powder Coated,3.47,2025-05-17
Mellanprofil,2.498,6.0,2.7,50000,Rå,EN-AW-6061-T6,EN 755-9,None,3.29,2025-06-03
Ytterbåge,1.859,12.0,2.83,120000,Rå,EN-AW-6061-T6,EN 755-9,Anodized,3.05,2025-01-14
Tätning,1.134,6.0,3.67,50000,Rå,EN-AW-6061-T6,EN 12020-2,None,3.13,2025-01-21
Tätning,2.925,26.2,2.51,75000,Rå,EN-AW-6061-T6,EN 755-9,None,3.12,2025-03-14
Innerbåge,2.501,12.0,3.65,120000,Rå,EN-AW-6082-T6,EN 755-9,Powder Coated,3.36,2025-02-11
Mellanprofil,0.622,24.2,3.22,98000,Rå,EN-AW-6063-T5,EN 12020-2,Anodized,3.19,2025-02-27
Mellanprofil,1.229,12.0,2.93,50000,Rå,EN-AW-6063-T5,EN 755-9,Powder Coated,3.45,2025-02-06
Innerbåge,1.763,26.2,3.36,120000,Rå,EN-AW-6063-T5,EN 755-9,Powder Coated,3.2,2025-02-11
Mellanprofil,1.714,26.2,3.64,75000,Rå,EN-AW-6063-T5,EN 12020-2,Anodized,3.11,2025-02-25
Stomme,1.702,6.0,2.73,120000,Rå,EN-AW-6082-T6,EN 12020-2,Powder Coated,2.89,2025-04-24
Ytterbåge,2.213,26.2,2.8,75000,Rå,EN-AW-6082-T6,EN 12020-2,None,2.95,2025-03-14
Tätning,1.766,26.2,3.11,50000,Rå,EN-AW-6082-T6,ISO 2768-mK,Powder Coated,3.06,2025-02-15
Ytterbåge,2.911,26.2,3.64,120000,Rå,EN-AW-6061-T6,EN 12020-2,None,3.14,2025-03-19
Mellanprofil,2.267,24.2,3.46,98000,Rå,EN-AW-6063-T5,EN 755-9,Powder Coated,2.89,2025-05-17
Mellanprofil,2.379,12.0,3.61,50000,Rå,EN-AW-6063-T5,ISO 2768-mK,Anodized,3.38,2025-03-30
Mellanprofil,1.586,6.0,3.93,120000,Rå,EN-AW-6061-T6,EN 12020-2,Anodized,3.07,2025-04-08
Stomme,1.905,12.0,3.72,98000,Rå,EN-AW-6082-T6,EN 12020-2,Anodized,2.96,2025-04-17
Innerbåge,1.277,24.2,3.16,50000,Rå,EN-AW-6063-T5,ISO 2768-mK,None,2.94,2025-05-22
Ytterbåge,2.694,24.2,3.34,98000,Rå,EN-AW-6063-T5,EN 755-9,None,3.31,2025-06-22
Mellanprofil,2.266,24.2,3.66,50000,Rå,EN-AW-6061-T6,EN 12020-2,Anodized,3.18,2025-05-04
Ytterbåge,1.681,26.2,3.63,120000,Rå,EN-AW-6061-T6,EN 12020-2,None,3.39,2025-03-01
Tätning,1.493,26.2,3.62,50000,Rå,EN-AW-6061-T6,EN 12020-2,Anodized,3.0,2025-04-18
Stomme,0.896,24.2,2.71,120000,Rå,EN-AW-6082-T6,ISO 2768-mK,Anodized,3.13,2025-03-27
Innerbåge,2.398,12.0,3.42,120000,Rå,EN-AW-6061-T6,EN 755-9,Powder Coated,3.28,2025-01-20
Tätning,0.565,24.2,2.64,75000,Rå,EN-AW-6082-T6,ISO 2768-mK,Anodized,3.43,2025-02-06
Ytterbåge,1.501,12.0,2.74,50000,Rå,EN-AW-6061-T6,ISO 2768-mK,Anodized,3.25,2025-01-27
Mellanprofil,0.832,26.2,3.02,50000,Rå,EN-AW-6063-T5,ISO 2768-mK,None,3.35,2025-02-26
Tätning,2.587,26.2,3.32,98000,Rå,EN-AW-6082-T6,ISO 2768-mK,None,2.92,2025-03-04
Tätning,2.398,24.2,3.36,50000,Rå,EN-AW-6061-T6,EN 12020-2,Anodized,3.47,2025-05-08
Tätning,1.224,6.0,3.82,50000,Rå,EN-AW-6082-T6,ISO 2768-mK,Anodized,3.12,2025-01-19
Stomme,1.5,12.0,2.72,98000,Rå,EN-AW-6063-T5,EN 12020-2,None,2.93,2025-06-08
Tätning,1.44,26.2,3.07,120000,Rå,EN-AW-6061-T6,EN 12020-2,Powder Coated,2.87,2025-05-02
Stomme,1.325,24.2,2.87,50000,Rå,EN-AW-6082-T6,EN 755-9,Powder Coated,3.44,2025-03-04
Ytterbåge,2.615,6.0,3.26,98000,Rå,EN-AW-6063-T5,ISO 2768-mK,None,3.05,2025-01-27
Ytterbåge,1.88,6.0,3.09,75000,Rå,EN-AW-6061-T6,EN 12020-2,Powder Coated,2.91,2025-02-23
Tätning,0.938,26.2,3.02,75000,Rå,EN-AW-6061-T6,EN 755-9,Anodized,2.89,2025-05-30
Stomme,2.284,6.0,3.18,75000,Rå,EN-AW-6063-T5,EN 12020-2,None,2.87,2025-06-07
Innerbåge,0.814,12.0,2.88,98000,Rå,EN-AW-6082-T6,EN 755-9,None,3.49,2025-02-21
Ytterbåge,2.863,12.0,2.59,98000,Rå,EN-AW-6061-T6,EN 12020-2,Powder Coated,3.43,2025-01-29
Stomme,0.646,12.0,3.94,50000,Rå,EN-AW-6061-T6,EN 755-9,None,3.32,2025-06-02
Ytterbåge,1.634,12.0,3.72,120000,Rå,EN-AW-6082-T6,ISO 2768-mK,Anodized,2.86,2025-05-17
Innerbåge,2.224,26.2,2.97,120000,Rå,EN-AW-6061-T6,EN 755-9,Anodized,3.48,2025-01-03
Mellanprofil,1.737,24.2,3.71,75000,Rå,EN-AW-6082-T6,ISO 2768-mK,Powder Coated,3.39,2025-04-13
Stomme,1.847,6.0,3.28,98000,Rå,EN-AW-6082-T6,ISO 2768-mK,Powder Coated,3.3,2025-01-09
Tätning,1.862,24.2,2.5,50000,Rå,EN-AW-6063-T5,EN 755-9,Anodized,3.01,2025-06-07
Tätning,1.512,12.0,2.92,50000,Rå,EN-AW-6061-T6,EN 755-9,Powder Coated,2.89,2025-03-02
Mellanprofil,1.502,6.0,3.42,75000,Rå,EN-AW-6061-T6,EN 12020-2,Powder Coated,3.0,2025-01-31
Tätning,2.871,12.0,3.49,50000,Rå,EN-AW-6082-T6,ISO 2768-mK,None,3.35,2025-01-10
Mellanprofil,2.756,26.2,3.74,75000,Rå,EN-AW-6063-T5,EN 12020-2,Powder Coated,2.99,2025-05-19
Ytterbåge,2.573,6.0,3.36,75000,Rå,EN-AW-6063-T5,EN 755-9,None,3.01,2025-05-29
Ytterbåge,1.181,6.0,2.97,120000,Rå,EN-AW-6061-T6,ISO 2768-mK,Anodized,3.26,2025-03-21
Innerbåge,1.577,26.2,3.07,75000,Rå,EN-AW-6061-T6,ISO 2768-mK,Powder Coated,3.17,2025-02-25
Ytterbåge,1.12,26.2,2.55,50000,Rå,EN-AW-6061-T6,ISO 2768-mK,Powder Coated,2.99,2025-02-05
Innerbåge,0.714,6.0,2.95,120000,Rå,EN-AW-6063-T5,EN 12020-2,Powder Coated,3.41,2025-05-28
Ytterbåge,2.75,24.2,3.4,50000,Rå,EN-AW-6082-T6,EN 12020-2,Anodized,3.44,2025-03-07
Mellanprofil,1.758,24.2,3.25,98000,Rå,EN-AW-6082-T6,EN 755-9,Powder Coated,2.95,2025-05-12
Innerbåge,2.735,12.0,3.71,75000,Rå,EN-AW-6063-T5,EN 12020-2,Anodized,2.93,2025-02-16
Innerbåge,1.798,24.2,3.38,120000,Rå,EN-AW-6061-T6,EN 755-9,Anodized,3.18,2025-04-15
Tätning,1.755,24.2,3.05,98000,Rå,EN-AW-6061-T6,EN 12020-2,Powder Coated,3.43,2025-03-10
Tätning,0.924,6.0,3.36,98000,Rå,EN-AW-6063-T5,EN 755-9,Anodized,2.97,2025-04-16
Innerbåge,1.784,26.2,3.33,50000,Rå,EN-AW-6061-T6,ISO 2768-mK,None,3.16,2025-05-02
Ytterbåge,2.54,24.2,3.47,50000,Rå,EN-AW-6082-T6,EN 12020-2,Powder Coated,3.12,2025-04-02
Mellanprofil,1.828,26.2,2.9,98000,Rå,EN-AW-6082-T6,EN 755-9,Anodized,2.88,2025-02-12
Ytterbåge,2.143,12.0,2.84,120000,Rå,EN-AW-6063-T5,ISO 2768-mK,None,3.37,2025-02-11
Mellanprofil,0.895,12.0,3.68,120000,Rå,EN-AW-6061-T6,EN 755-9,Powder Coated,2.85,2025-05-20
Stomme,1.105,12.0,3.92,75000,Rå,EN-AW-6061-T6,ISO 2768-mK,Powder Coated,3.02,2025-01-12
Tätning,1.522,26.2,3.08,98000,Rå,EN-AW-6082-T6,EN 755-9,Anodized,3.44,2025-03-24
Ytterbåge,2.281,6.0,3.26,98000,Rå,EN-AW-6082-T6,ISO 2768-mK,Powder Coated,2.94,2025-05-01
Innerbåge,2.047,6.0,3.2,120000,Rå,EN-AW-6061-T6,ISO 2768-mK,None,3.15,2025-03-12
Mellanprofil,1.23,6.0,3.02,75000,Rå,EN-AW-6061-T6,ISO 2768-mK,None,2.96,2025-06-08
Mellanprofil,1.622,24.2,2.94,98000,Rå,EN-AW-6061-T6,EN 12020-2,None,3.15,2025-04-02
Tätning,0.749,24.2,3.09,120000,Rå,EN-AW-6063-T5,ISO 2768-mK,None,3.3,2025-06-04
Ytterbåge,1.479,6.0,3.91,75000,Rå,EN-AW-6063-T5,ISO 2768-mK,Powder Coated,3.26,2025-06-24
Ytterbåge,1.949,26.2,2.51,50000,Rå,EN-AW-6063-T5,ISO 2768-mK,None,3.42,2025-05-29
Stomme,1.079,6.0,3.16,75000,Rå,EN-AW-6063-T5,EN 755-9,Anodized,3.22,2025-01-04
Mellanprofil,1.946,6.0,3.52,120000,Rå,EN-AW-6061-T6,EN 12020-2,Powder Coated,2.95,2025-06-27
Innerbåge,2.672,6.0,3.63,75000,Rå,EN-AW-6082-T6,ISO 2768-mK,Powder Coated,3.45,2025-06-10
Innerbåge,1.721,6.0,3.18,75000,Rå,EN-AW-6061-T6,EN 12020-2,None,3.12,2025-02-05
Ytterbåge,0.927,26.2,3.49,98000,Rå,EN-AW-6063-T5,EN 755-9,None,3.2,2025-03-28
Stomme,0.51,12.0,3.97,75000,Rå,EN-AW-6082-T6,EN 755-9,Powder Coated,3.38,2025-03-30
Innerbåge,1.431,6.0,3.99,120000,Rå,EN-AW-6082-T6,EN 12020-2,Anodized,3.26,2025-04-12
Innerbåge,0.595,12.0,3.29,120000,Rå,EN-AW-6063-T5,EN 12020-2,None,3.04,2025-01-09
Tätning,1.239,6.0,3.62,98000,Rå,EN-AW-6063-T5,ISO 2768-mK,Anodized,3.4,2025-02-23
Tätning,0.881,12.0,3.66,75000,Rå,EN-AW-6061-T6,EN 12020-2,Anodized,3.4,2025-06-15
Stomme,1.766,24.2,3.25,75000,Rå,EN-AW-6082-T6,ISO 2768-mK,Powder Coated,3.07,2025-05-01
Ytterbåge,2.164,24.2,3.65,50000,Rå,EN-AW-6063-T5,ISO 2768-mK,None,2.86,2025-01-28
Ytterbåge,1.644,6.0,2.77,120000,Rå,EN-AW-6063-T5,ISO 2768-mK,Powder Coated,3.34,2025-04-09
Innerbåge,0.544,24.2,2.53,50000,Rå,EN-AW-6061-T6,EN 755-9,Powder Coated,2.94,2025-02-02
Mellanprofil,1.401,6.0,3.34,120000,Rå,EN-AW-6061-T6,ISO 2768-mK,Anodized,3.06,2025-06-22
Stomme,2.264,6.0,3.5,75000,Rå,EN-AW-6082-T6,EN 755-9,Anodized,3.3,2025-03-28
Ytterbåge,2.505,6.0,3.91,120000,Rå,EN-AW-6061-T6,EN 12020-2,Anodized,3.01,2025-01-13
Innerbåge,2.298,26.2,3.64,50000,Rå,EN-AW-6082-T6,ISO 2768-mK,Anodized,3.23,2025-05-03
Ytterbåge,2.772,24.2,2.53,75000,Rå,EN-AW-6082-T6,EN 755-9,Anodized,2.89,2025-06-03
Mellanprofil,2.876,12.0,3.96,75000,Rå,EN-AW-6061-T6,ISO 2768-mK,Anodized,2.95,2025-02-20
Stomme,2.537,12.0,3.62,50000,Rå,EN-AW-6061-T6,EN 12020-2,Anodized,3.14,2025-04-29
Mellanprofil,0.992,12.0,2.88,98000,Rå,EN-AW-6061-T6,EN 12020-2,Powder Coated,3.4,2025-04-02
Tätning,2.149,26.2,2.64,98000,Rå,EN-AW-6061-T6,EN 12020-2,Powder Coated,2.85,2025-06-21
Stomme,1.507,26.2,3.67,98000,Rå,EN-AW-6063-T5,EN 12020-2,Powder Coated,2.9,2025-05-02
Mellanprofil,2.687,12.0,2.88,75000,Rå,EN-AW-6082-T6,ISO 2768-mK,Powder Coated,3.18,2025-02-15
Ytterbåge,2.529,26.2,2.7,50000,Rå,EN-AW-6082-T6,EN 12020-2,None,3.33,2025-01-08
Tätning,0.716,24.2,3.5,98000,Rå,EN-AW-6063-T5,EN 755-9,Anodized,3.33,2025-04-16
Stomme,1.209,26.2,3.66,98000,Rå,EN-AW-6063-T5,EN 755-9,Powder Coated,3.17,2025-01-07
Stomme,1.424,26.2,2.89,120000,Rå,EN-AW-6082-T6,ISO 2768-mK,None,2.88,2025-01-01
Ytterbåge,1.993,24.2,3.09,98000,Rå,EN-AW-6061-T6,ISO 2768-mK,Anodized,3.2,2025-01-14
Innerbåge,1.355,6.0,2.56,98000,Rå,EN-AW-6063-T5,EN 12020-2,None,2.92,2025-01-10
Tätning,1.387,24.2,3.14,98000,Rå,EN-AW-6061-T6,EN 755-9,Anodized,3.12,2025-05-09
Stomme,2.687,12.0,2.99,75000,Rå,EN-AW-6061-T6,EN 12020-2,Anodized,3.02,2025-01-23
Innerbåge,0.835,24.2,3.09,50000,Rå,EN-AW-6063-T5,EN 12020-2,Anodized,3.21,2025-05-21
Innerbåge,2.654,12.0,2.6,50000,Rå,EN-AW-6082-T6,EN 755-9,None,3.2,2025-03-03
Stomme,1.732,24.2,2.95,120000,Rå,EN-AW-6061-T6,EN 755-9,Anodized,2.8,2025-06-01
Ytterbåge,2.53,12.0,2.74,120000,Rå,EN-AW-6082-T6,EN 755-9,Anodized,3.14,2025-03-28
Stomme,1.922,26.2,3.93,98000,Rå,EN-AW-6061-T6,EN 12020-2,None,3.05,2025-01-23
Ytterbåge,2.939,6.0,3.04,50000,Rå,EN-AW-6082-T6,ISO 2768-mK,None,2.92,2025-05-07
Mellanprofil,2.491,12.0,3.63,120000,Rå,EN-AW-6082-T6,EN 755-9,Anodized,3.44,2025-06-22
Ytterbåge,2.053,6.0,2.91,75000,Rå,EN-AW-6082-T6,EN 755-9,Anodized,2.88,2025-04-14
Tätning,2.49,24.2,3.39,75000,Rå,EN-AW-6063-T5,EN 12020-2,Powder Coated,3.21,2025-01-07
Tätning,2.475,26.2,2.95,98000,Rå,EN-AW-6082-T6,ISO 2768-mK,Powder Coated,3.22,2025-01-28
